{"cameraMode":{"drawMode":0,"name":"Shaded","section":"Shading Mode"},"sceneLighting":false,"audioPlay":false,"sceneViewState":{"showFog":true,"showMaterialUpdate":false,"showSkybox":false,"showFlares":true,"showImageEffects":true,"showParticleSystems":true},"in2DMode":false,"pivot":{"x":5.128873348236084,"y":-0.9384748935699463,"z":1.1863138675689698},"rotation":{"x":0.22260962426662446,"y":0.27626916766166689,"z":-0.06594394892454148,"w":0.9326168894767761},"size":6.102769374847412,"orthographic":false}