{"cameraMode":{"drawMode":0,"name":"Shaded","section":"Shading Mode"},"sceneLighting":false,"audioPlay":false,"sceneViewState":{"showFog":true,"showMaterialUpdate":false,"showSkybox":false,"showFlares":true,"showImageEffects":true,"showParticleSystems":true},"in2DMode":false,"pivot":{"x":1.8970844745635987,"y":0.22787487506866456,"z":1.068997859954834},"rotation":{"x":0.19809533655643464,"y":0.028811942785978318,"z":-0.005826916079968214,"w":0.9797491431236267},"size":4.478729248046875,"orthographic":false}