{"cameraMode":{"drawMode":0,"name":"Shaded","section":"Shading Mode"},"sceneLighting":false,"audioPlay":false,"sceneViewState":{"showFog":true,"showMaterialUpdate":false,"showSkybox":false,"showFlares":true,"showImageEffects":true,"showParticleSystems":true},"in2DMode":false,"pivot":{"x":1.340000033378601,"y":-0.6989999413490295,"z":1.069000005722046},"rotation":{"x":-0.18558192253112794,"y":-0.2026817351579666,"z":0.039130646735429767,"w":-0.9607507586479187},"size":0.2857882082462311,"orthographic":false}