{"cameraMode":{"drawMode":0,"name":"Shaded","section":"Shading Mode"},"sceneLighting":false,"audioPlay":false,"sceneViewState":{"showFog":true,"showMaterialUpdate":false,"showSkybox":false,"showFlares":true,"showImageEffects":true,"showParticleSystems":true},"in2DMode":false,"pivot":{"x":23.649721145629884,"y":-6.019066333770752,"z":24.99199867248535},"rotation":{"x":-0.18558192253112794,"y":-0.2026817351579666,"z":0.039130646735429767,"w":-0.9607507586479187},"size":28.103734970092775,"orthographic":false}