{"cameraMode":{"drawMode":0,"name":"Shaded","section":"Shading Mode"},"sceneLighting":false,"audioPlay":false,"sceneViewState":{"showFog":true,"showMaterialUpdate":false,"showSkybox":false,"showFlares":true,"showImageEffects":true,"showParticleSystems":true},"in2DMode":false,"pivot":{"x":-1.022125005722046,"y":1.4116575717926026,"z":-2.9901323318481447},"rotation":{"x":-0.11396023631095886,"y":-0.2268190234899521,"z":0.026700129732489587,"w":-0.9669248461723328},"size":1.7890608310699463,"orthographic":false}