{"cameraMode":{"drawMode":0,"name":"Shaded","section":"Shading Mode"},"sceneLighting":false,"audioPlay":false,"sceneViewState":{"showFog":true,"showMaterialUpdate":false,"showSkybox":false,"showFlares":true,"showImageEffects":true,"showParticleSystems":true},"in2DMode":false,"pivot":{"x":0.000005776062607765198,"y":0.00019101053476333618,"z":0.0001790747046470642},"rotation":{"x":-0.3967120349407196,"y":-0.03937893733382225,"z":0.017012091353535653,"w":-0.9169893860816956},"size":0.0930575579404831,"orthographic":false}