{"cameraMode":{"drawMode":0,"name":"Shaded","section":"Shading Mode"},"sceneLighting":false,"audioPlay":false,"sceneViewState":{"showFog":true,"showMaterialUpdate":false,"showSkybox":false,"showFlares":true,"showImageEffects":true,"showParticleSystems":true},"in2DMode":false,"pivot":{"x":0.07499998807907105,"y":-0.4337735176086426,"z":1.1730014085769654},"rotation":{"x":-0.16229712963104249,"y":-0.09694132208824158,"z":0.016015810891985894,"w":-0.981885552406311},"size":0.8866046071052551,"orthographic":false}