{"cameraMode":{"drawMode":0,"name":"Shaded","section":"Shading Mode"},"sceneLighting":false,"audioPlay":false,"sceneViewState":{"showFog":true,"showMaterialUpdate":false,"showSkybox":false,"showFlares":true,"showImageEffects":true,"showParticleSystems":true},"in2DMode":false,"pivot":{"x":1.1430001258850098,"y":0.7267321944236755,"z":0.9200000762939453},"rotation":{"x":-0.27084818482398989,"y":-0.3643158972263336,"z":0.11166128516197205,"w":-0.8840447068214417},"size":2.9442973136901857,"orthographic":false}