{"cameraMode":{"drawMode":0,"name":"Shaded","section":"Shading Mode"},"sceneLighting":false,"audioPlay":false,"sceneViewState":{"showFog":true,"showMaterialUpdate":false,"showSkybox":false,"showFlares":true,"showImageEffects":true,"showParticleSystems":true},"in2DMode":false,"pivot":{"x":-1.2309999465942383,"y":1.1318879127502442,"z":0.059280067682266238},"rotation":{"x":-0.09149915724992752,"y":-0.30641743540763857,"z":0.029591187834739686,"w":-0.9470775127410889},"size":0.5521420240402222,"orthographic":false}