{"cameraMode":{"drawMode":0,"name":"Shaded","section":"Shading Mode"},"sceneLighting":false,"audioPlay":false,"sceneViewState":{"showFog":true,"showMaterialUpdate":false,"showSkybox":false,"showFlares":true,"showImageEffects":true,"showParticleSystems":true},"in2DMode":false,"pivot":{"x":2.3695595264434816,"y":1.2232377529144288,"z":1.70689058303833},"rotation":{"x":-0.18524169921875,"y":0.00205089058727026,"z":-0.0004059318162035197,"w":-0.9827387928962708},"size":5.506425380706787,"orthographic":false}