{"cameraMode":{"drawMode":0,"name":"Shaded","section":"Shading Mode"},"sceneLighting":false,"audioPlay":false,"sceneViewState":{"showFog":true,"showMaterialUpdate":false,"showSkybox":false,"showFlares":true,"showImageEffects":true,"showParticleSystems":true},"in2DMode":false,"pivot":{"x":0.0,"y":-0.9952459335327148,"z":1.2899999618530274},"rotation":{"x":-0.19354619085788728,"y":0.07261721789836884,"z":-0.014373816549777985,"w":-0.9783419370651245},"size":2.14894962310791,"orthographic":false}