{"cameraMode":{"drawMode":0,"name":"Shaded","section":"Shading Mode"},"sceneLighting":false,"audioPlay":false,"sceneViewState":{"showFog":true,"showMaterialUpdate":false,"showSkybox":false,"showFlares":true,"showImageEffects":true,"showParticleSystems":true},"in2DMode":false,"pivot":{"x":-0.29443421959877016,"y":2.1541175842285158,"z":9.041341781616211},"rotation":{"x":-0.30127453804016116,"y":-0.241901695728302,"z":0.07931104302406311,"w":-0.9189327359199524},"size":0.7065970301628113,"orthographic":false}