{"cameraMode":{"drawMode":0,"name":"Shaded","section":"Shading Mode"},"sceneLighting":false,"audioPlay":false,"sceneViewState":{"showFog":true,"showMaterialUpdate":false,"showSkybox":false,"showFlares":true,"showImageEffects":true,"showParticleSystems":true},"in2DMode":false,"pivot":{"x":0.0,"y":-0.2836378812789917,"z":0.020119786262512208},"rotation":{"x":-0.3967120349407196,"y":-0.03937893733382225,"z":0.017012091353535653,"w":-0.9169893860816956},"size":1.612153172492981,"orthographic":false}