{"cameraMode":{"drawMode":0,"name":"Shaded","section":"Shading Mode"},"sceneLighting":false,"audioPlay":false,"sceneViewState":{"showFog":true,"showMaterialUpdate":false,"showSkybox":false,"showFlares":true,"showImageEffects":true,"showParticleSystems":true},"in2DMode":false,"pivot":{"x":0.7270400524139404,"y":-0.030777301639318467,"z":-0.7937346696853638},"rotation":{"x":-0.17583876848220826,"y":-0.33031395077705386,"z":0.06277903914451599,"w":-0.9252302050590515},"size":2.2141952514648439,"orthographic":false}