{"cameraMode":{"drawMode":0,"name":"Shaded","section":"Shading Mode"},"sceneLighting":false,"audioPlay":false,"sceneViewState":{"showFog":true,"showMaterialUpdate":false,"showSkybox":false,"showFlares":true,"showImageEffects":true,"showParticleSystems":true},"in2DMode":false,"pivot":{"x":18.966537475585939,"y":-1.9685745239257813,"z":14.043169021606446},"rotation":{"x":-0.1512869894504547,"y":-0.5840845108032227,"z":0.11191277205944061,"w":-0.7895793914794922},"size":19.08955192565918,"orthographic":false}