{"cameraMode":{"drawMode":0,"name":"Shaded","section":"Shading Mode"},"sceneLighting":false,"audioPlay":false,"sceneViewState":{"showFog":true,"showMaterialUpdate":false,"showSkybox":false,"showFlares":true,"showImageEffects":true,"showParticleSystems":true},"in2DMode":false,"pivot":{"x":16.68195343017578,"y":-0.07749879360198975,"z":11.089301109313965},"rotation":{"x":-0.1512869894504547,"y":-0.5840845108032227,"z":0.11191277205944061,"w":-0.7895793914794922},"size":28.103734970092775,"orthographic":false}