{"cameraMode":{"drawMode":0,"name":"Shaded","section":"Shading Mode"},"sceneLighting":false,"audioPlay":false,"sceneViewState":{"showFog":true,"showMaterialUpdate":false,"showSkybox":false,"showFlares":true,"showImageEffects":true,"showParticleSystems":true},"in2DMode":false,"pivot":{"x":-1.3811250925064088,"y":1.2472012042999268,"z":-0.15771859884262086},"rotation":{"x":-0.12221232801675797,"y":-0.18875743448734284,"z":0.023681851103901864,"w":-0.9741032719612122},"size":6.102769374847412,"orthographic":false}