{"cameraMode":{"drawMode":0,"name":"Shaded","section":"Shading Mode"},"sceneLighting":false,"audioPlay":false,"sceneViewState":{"showFog":true,"showMaterialUpdate":false,"showSkybox":false,"showFlares":true,"showImageEffects":true,"showParticleSystems":true},"in2DMode":false,"pivot":{"x":-0.0000019073486328125,"y":-0.04306793212890625,"z":0.000002384185791015625},"rotation":{"x":-0.06747736781835556,"y":-0.08908914029598236,"z":0.006062804721295834,"w":-0.9937582015991211},"size":35.32426071166992,"orthographic":false}