{"cameraMode":{"drawMode":0,"name":"Shaded","section":"Shading Mode"},"sceneLighting":false,"audioPlay":false,"sceneViewState":{"showFog":true,"showMaterialUpdate":true,"showSkybox":false,"showFlares":true,"showImageEffects":true,"showParticleSystems":true},"in2DMode":false,"pivot":{"x":-12.743291854858399,"y":4.423690319061279,"z":-32.885562896728519},"rotation":{"x":-0.013509426265954972,"y":-0.9666076898574829,"z":-0.05226122587919235,"w":0.2507461905479431},"size":35.32426071166992,"orthographic":false}