{"cameraMode":{"drawMode":0,"name":"Shaded","section":"Shading Mode"},"sceneLighting":true,"audioPlay":false,"sceneViewState":{"showFog":true,"showMaterialUpdate":true,"showSkybox":true,"showFlares":true,"showImageEffects":true,"showParticleSystems":true},"in2DMode":false,"pivot":{"x":-3.0660080909729006,"y":-1.1823710203170777,"z":2.171449661254883},"rotation":{"x":0.20934544503688813,"y":-0.11704128980636597,"z":0.025170890614390374,"w":0.9707186222076416},"size":2.872936725616455,"orthographic":false}