{"cameraMode":{"drawMode":0,"name":"Shaded","section":"Shading Mode"},"sceneLighting":true,"audioPlay":false,"sceneViewState":{"showFog":true,"showMaterialUpdate":false,"showSkybox":true,"showFlares":true,"showImageEffects":true,"showParticleSystems":true},"in2DMode":false,"pivot":{"x":14.738397598266602,"y":0.38021278381347659,"z":9.938721656799317},"rotation":{"x":-0.17306457459926606,"y":-0.5384930968284607,"z":0.11410580575466156,"w":-0.8167335391044617},"size":10.0,"orthographic":false}