{"cameraMode":{"drawMode":0,"name":"Shaded","section":"Shading Mode"},"sceneLighting":true,"audioPlay":false,"sceneViewState":{"showFog":true,"showMaterialUpdate":false,"showSkybox":true,"showFlares":true,"showImageEffects":true,"showParticleSystems":true},"in2DMode":false,"pivot":{"x":10.131576538085938,"y":-44.18037033081055,"z":27.738954544067384},"rotation":{"x":-0.4580270051956177,"y":-0.1633618026971817,"z":0.08604815602302551,"w":-0.8695490956306458},"size":53.796485900878909,"orthographic":false}