{"cameraMode":{"drawMode":0,"name":"Shaded","section":"Shading Mode"},"sceneLighting":true,"audioPlay":false,"sceneViewState":{"showFog":false,"showMaterialUpdate":false,"showSkybox":false,"showFlares":false,"showImageEffects":false,"showParticleSystems":false},"in2DMode":false,"pivot":{"x":-0.17000000178813935,"y":0.8149999976158142,"z":0.8100000023841858},"rotation":{"x":0.22735249996185304,"y":0.5624967217445374,"z":-0.16361507773399354,"w":0.778381884098053},"size":0.8732252717018127,"orthographic":false}