{"cameraMode":{"drawMode":0,"name":"Shaded","section":"Shading Mode"},"sceneLighting":false,"audioPlay":false,"sceneViewState":{"showFog":true,"showMaterialUpdate":false,"showSkybox":false,"showFlares":true,"showImageEffects":true,"showParticleSystems":true},"in2DMode":false,"pivot":{"x":0.3882676661014557,"y":0.14552512764930726,"z":4.982753753662109},"rotation":{"x":0.20032481849193574,"y":0.6241739988327026,"z":-0.16993343830108643,"w":0.7358115315437317},"size":0.41660091280937197,"orthographic":false}