{"cameraMode":{"drawMode":0,"name":"Shaded","section":"Shading Mode"},"sceneLighting":true,"audioPlay":false,"sceneViewState":{"showFog":true,"showMaterialUpdate":false,"showSkybox":true,"showFlares":true,"showImageEffects":true,"showParticleSystems":true},"in2DMode":false,"pivot":{"x":2.3110122680664064,"y":4.818358898162842,"z":0.8796529769897461},"rotation":{"x":-0.179767906665802,"y":-0.10542990267276764,"z":0.01938200742006302,"w":-0.9778516292572022},"size":10.937215805053711,"orthographic":false}